Martyrdom of Peter and Paul,"Montpellier, Bib. Fac. Med. 55"
Martyrdom of Andrew,"Montpellier, Bib. Fac. Med. 55"
Martyrdom of James the Less,"Montpellier, Bib. Fac. Med. 55"
Martyrdom of John (Ps-Melito),"Montpellier, Bib. Fac. Med. 55"
Martyrdom of James the Great,"Montpellier, Bib. Fac. Med. 55"
Martyrdom of Thomas,"Montpellier, Bib. Fac. Med. 55"
Martyrdom of Bartholomew,"Montpellier, Bib. Fac. Med. 55"
Martyrdom of Matthew,"Montpellier, Bib. Fac. Med. 55"
Martyrdom of Simon and Jude,"Montpellier, Bib. Fac. Med. 55"
Martyrdom of Philip,"Montpellier, Bib. Fac. Med. 55"
Passio S Quintini,"Montpellier, Bib. Fac. Med. 55"
Vita S Vedasti,"Montpellier, Bib. Fac. Med. 55"
Passio S Dionysii,"Montpellier, Bib. Fac. Med. 55"
Vita B Remigii,"Montpellier, Bib. Fac. Med. 55"
Vita S Paterni,"Montpellier, Bib. Fac. Med. 55"
Vita S Clementis,"Montpellier, Bib. Fac. Med. 55"
Vita S Silvestri,"Montpellier, Bib. Fac. Med. 55"
Passio S Agathae,"Montpellier, Bib. Fac. Med. 55"
Passio S Luciae,"Montpellier, Bib. Fac. Med. 55"
Passio S Ensemiae,"Montpellier, Bib. Fac. Med. 55"
Passio SS Chrisantii et Dariae,"Montpellier, Bib. Fac. Med. 55"
Vita S Gertrudis,"Montpellier, Bib. Fac. Med. 55"
Vita B Audoini,"Montpellier, Bib. Fac. Med. 55"
Gospel of Pseudo-Matthew,"Montpellier, Bib. Fac. Med. 55"
Transitus of Mary (Ps-Melito),"Montpellier, Bib. Fac. Med. 55"
Passio S Iuliae,"Montpellier, Bib. Fac. Med. 55"
Vita S Melani,"Montpellier, Bib. Fac. Med. 55"
Vita S Euphraxiae,"Montpellier, Bib. Fac. Med. 55"
Acts of Paul & Thecla,"Montpellier, Bib. Fac. Med. 55"
Passio S Marinae,"Montpellier, Bib. Fac. Med. 55"
Passio S Euphemiae,"Montpellier, Bib. Fac. Med. 55"
Passio B Caeciliae,"Montpellier, Bib. Fac. Med. 55"
Passio SS Valeriani et Tiburtii,"Montpellier, Bib. Fac. Med. 55"
Passio S Afrae,"Montpellier, Bib. Fac. Med. 55"
Vita S Euphrosinae,"Montpellier, Bib. Fac. Med. 55"
Passio S Eugeniae,"Montpellier, Bib. Fac. Med. 55"
Passio S Columbae,"Montpellier, Bib. Fac. Med. 55"
"Passio SS Fructuosi episcopi, Augurii, et Euloci diaconorum","Montpellier, Bib. Fac. Med. 55"
Passio S Patrocli,"Montpellier, Bib. Fac. Med. 55"
"Passio S Speosippi, Eleosippi, et Meleusippi","Montpellier, Bib. Fac. Med. 55"
Martyrum S Babillae,"Montpellier, Bib. Fac. Med. 55"
Passio S Sabinae,"Montpellier, Bib. Fac. Med. 55"
Passio S Paulae,"Montpellier, Bib. Fac. Med. 55"
Protevangelium of James,"Montpellier, Bib. Fac. Med. 55"
Passio S Dorotheae et Tiopholi,"Montpellier, Bib. Fac. Med. 55"
Passio S Iulianae,"Montpellier, Bib. Fac. Med. 55"
Passio S Marcelli,"Montpellier, Bib. Fac. Med. 55"
Passio S Privati,"Montpellier, Bib. Fac. Med. 55"
Passio S Vincentii,"Montpellier, Bib. Fac. Med. 55"
Passio S Marcelli,"Montpellier, Bib. Fac. Med. 55"
Passio S Ferreoli,"Montpellier, Bib. Fac. Med. 55"
Passio S Christophori,"Montpellier, Bib. Fac. Med. 55"
Passio SS Luceiae et Euiadae regis,"Montpellier, Bib. Fac. Med. 55"
Passio SS Eleutheri et Anthiae,"Montpellier, Bib. Fac. Med. 55"
"Martyrium SS Romani, Hisici, et Bafalei Barulae","Montpellier, Bib. Fac. Med. 55"
Passio S Benigni,"Montpellier, Bib. Fac. Med. 55"
Passio S Adriani,"Montpellier, Bib. Fac. Med. 55"
Passio S Memorii,"Montpellier, Bib. Fac. Med. 55"
"Passio SS Andochii, Tyrsi, et Felicis","Montpellier, Bib. Fac. Med. 55"